"Simulation","Demand","OrderQuantity","NumberOfOrders","TotalCost"
1,13889.1881752941,651.453635049327,21.3203019033618,9380.93259109475
2,14473.7104638119,665.020473997737,21.7643080622826,9576.29518648588
3,15633.3346015015,691.147768892582,22.619380840295,9952.52772089148
4,14340.5742864087,661.954819853369,21.663977444239,9532.14974067683
5,14272.6147603343,660.38446661855,21.6125840049149,9509.53664073484
6,14557.5838838802,666.944546544607,21.8272777838907,9604.00184757713
7,14387.9974842941,663.048433204942,21.6997684690205,9547.8977822601
8,14723.0726882689,670.724753765807,21.9509904854498,9658.43613391278
9,15103.9577748117,679.345158503801,22.233113146897,9782.5700335447
10,15577.4757981767,689.911909327853,22.5789344807123,9934.73133291724
11,14717.7535620315,670.603583755719,21.9470249168737,9656.69128475338
12,13962.1707709265,653.162966671168,21.3762437299292,9405.54698061684
13,14392.4736603053,663.151563923573,21.7031436601785,9549.38286548899
14,14308.2629411952,661.20866074254,21.6395576626704,9521.40504313376
15,15010.1365916194,677.231930419588,22.1639528755232,9752.13953163615
16,14769.1270417113,671.772960832138,21.9852954834867,9673.53032435847
17,15508.8682664123,688.390951825864,22.5291576324138,9912.82953227726
18,15040.1680446617,677.909075620881,22.1861140166722,9761.89042813822
19,13555.1454943445,643.572050990678,21.0623588663904,9267.43771773876
20,14642.5060138454,668.88708849399,21.890848643548,9631.97373873729
21,15260.6496814095,682.85990510742,22.3481413497383,9833.18241371585
22,14890.5736373395,674.529300389327,22.0755030637586,9713.22163683005
23,15102.8154189612,679.31946761835,22.2322723532577,9782.20008456882
24,14404.4089040517,663.426472571707,21.7121406811134,9553.34155236125
25,13287.6674813446,637.190741191136,20.8535162587347,9175.54691349782
26,15201.8881472855,681.543952855042,22.3050737719902,9814.23269039414
27,14627.4685793032,668.543485878106,21.8796067694693,9627.02658760561
28,13527.0959130458,642.905834192412,21.0405555426915,9257.84422557749
29,14267.4951291061,660.26601508202,21.6087074045963,9507.83093760173
30,15174.9722673534,680.940328121587,22.2853187579806,9805.54048923115
31,14399.8284235566,663.320982232845,21.70868826595,9551.82249058548
32,15212.0215736305,681.771070062566,22.3125067073241,9817.50318006178
33,13378.7156785941,639.37005698113,20.9248392734615,9206.92905042567
34,14932.0921852222,675.469021264536,22.1062576004863,9726.75362521165
35,14874.6504581995,674.16855144986,22.0636967212579,9708.02684911574
36,13934.0375320356,652.504586042733,21.3546967026574,9396.0662940923
37,16430.4245966561,708.548339612512,23.1888548431875,10203.0961107113
38,16185.4449182744,703.246225776708,23.0153313661915,10126.7457261544
39,15146.8542440903,680.309171710095,22.2646627062452,9796.45183168662
40,15171.8832188367,680.871017829985,22.2830504185525,9804.54242045744
41,14745.9844100564,671.246434123247,21.9680636803932,9665.94833537389
42,15669.0772773406,691.937406960399,22.6452235703993,9963.89851560271
43,14870.4357548186,674.073032564652,22.0605706450545,9706.65137637748
44,15954.8976546008,698.219696917111,22.8508272182057,10054.3638058084
45,15389.5836172895,685.738503995192,22.4423501489678,9874.63426153831
46,15824.5278666579,695.361238211133,22.7572763580663,10013.2017138947
47,15224.9787298322,682.061364440491,22.3220072615043,9821.68342150248
48,14487.0654538039,665.327212518565,21.7743467893997,9580.7122238016
49,13690.5819227304,646.779187820877,21.1673198218647,9313.62051312054
50,14386.976805706,663.024914610295,21.6989987686393,9547.55911429476
51,15620.7233749413,690.868942439466,22.6102556004101,9948.51261765437
52,15297.6092228201,683.686308696856,22.3751873165022,9845.08263224784
53,15148.7922741759,680.352692848553,22.2660870360485,9797.07853644026
54,15590.6784647152,690.204214140328,22.5885008310677,9938.94052464526
55,14456.4133252957,664.62298146559,21.7512992003636,9570.57129063223
56,14794.1212710585,672.34115079611,22.0038908127831,9681.71226454427
57,15189.8304031981,681.273607889806,22.2962261084023,9810.3397206551
58,16052.870635365,700.360170539373,22.9208788715128,10085.1865796163
59,14755.8405724517,671.470725852321,21.9754041454623,9669.17813813842
60,14253.7823397475,659.948641210917,21.5983206111216,9503.26075116536
61,14795.4497085294,672.371336521801,22.0048787104262,9682.14693925073
62,15515.9064063992,688.547134706569,22.5342690780515,9915.07856705862
63,14259.0930533187,660.071572436099,21.6023438196153,9505.03096185529
64,14718.31550037,670.616385778364,21.9474438926614,9656.87563398974
65,13855.0750662661,650.653128973578,21.2941034927824,9369.40529702188
66,14723.2753615357,670.729370242426,21.9511415702792,9658.50261120689
67,15009.860691473,677.22570632111,22.1637491775246,9752.0499045674
68,14135.2979901686,657.200012293633,21.5083653769821,9463.68047145023
69,13904.8690396748,651.821276006012,21.3323338030264,9386.22662390909
70,14752.4843351517,671.394358061322,21.9729048330851,9668.07844132023
71,13390.790820689,639.65852808583,20.9342801396877,9211.08303294926
72,15274.2176491519,683.163396682165,22.358073812696,9837.5526949047
73,16520.164490292,710.480684410013,23.2520951699207,10230.9218651346
74,15094.213394007,679.125982110278,22.2259400930356,9779.41389166182
75,15776.1782877993,694.298137828034,22.7224839420595,9997.89305961493
76,15230.1082215209,682.176252330723,22.3257672331537,9823.33780807503
77,15263.8427391491,682.931340328099,22.3504792323865,9834.21108148734
78,16269.1960351705,705.063343436623,23.0748005645437,10152.9121969433
79,13295.582983991,637.380501205308,20.8597265822356,9178.27945677006
80,13482.3823055457,641.842396633235,21.0057521539043,9242.53072961823
81,14758.4411323548,671.529892994785,21.9773405269233,9670.03014548559
82,14888.8916594863,674.49120331089,22.0742562488597,9712.67303858754
83,16166.5136743458,702.834830386893,23.0018675446783,10120.8216386149
84,14474.8613117064,665.04691233832,21.7651733180935,9576.67589881646
85,14976.7626300147,676.478623608361,22.1392991697625,9741.29190732795
86,14439.4908645165,664.233868924822,21.7385645930541,9564.96806673063
87,16401.2630982528,707.919277421942,23.1682673736219,10194.0376196348
88,15481.1875142042,687.776346107978,22.5090432403061,9903.97920484477
89,14442.8354978608,664.310792997212,21.7410821111278,9566.07577402805
90,13110.7870471928,632.935509386791,20.7142542214055,9114.27159629411
91,15289.3403722017,683.501506592887,22.3691392406959,9842.42148042189
92,14707.7863090493,670.37647017126,21.9395921000806,9653.4208472508
93,15075.2919118262,678.70018674985,22.2120049561479,9773.28243495146
94,15060.3679271824,678.364159653811,22.2010076930776,9768.44364198452
95,16041.7213259006,700.116914998809,22.9129178030614,10081.6837046649
96,16147.1496715475,702.413781406135,22.9880877895407,10114.7585398231
97,15437.0884787553,686.796063244247,22.4769612187853,9889.86312349133
98,14659.5684430189,669.276690819456,21.9035992797985,9637.58401545575
99,14866.0040944889,673.972582129317,22.0572831724429,9705.20488926853
100,14274.7886728304,660.434757424051,21.6142298877599,9510.26082876035
101,14570.5587540358,667.241697049903,21.8370027209887,9608.28081737681
102,15112.5070795846,679.537396318691,22.2394045735447,9785.33825967441
103,15415.0459768008,686.305552920254,22.4609081351728,9882.79977076384
104,14205.469361637,658.829249554819,21.5616859318797,9487.14150180823
105,15582.6662332022,690.026839455382,22.5826958347028,9936.38632771337
106,15364.9912420204,685.190384192569,22.4244116620618,9866.74133184009
107,15571.9695424347,689.789965151631,22.5749435757762,9932.9753357625
108,13967.7040390861,653.292379422289,21.3804790612097,9407.41052530661
109,15218.0093367464,681.905236306211,22.3168976076212,9819.43517508138
110,15734.4226294226,693.378711503904,22.6923935915127,9984.65331296091
111,13773.2908285634,648.729938341221,21.2311626372312,9341.71133624765
112,14275.5470267608,660.452300113086,21.6148040128204,9510.5134436347
113,14706.6240004919,670.349980827046,21.9387251750908,9653.0394004747
114,15287.6143454959,683.462924992319,22.3678765686781,9841.86590505388
115,16096.1056187897,701.302672972099,22.9517243254969,10098.7585970084
116,16196.9565582776,703.496267911997,23.023514547349,10130.3463293831
117,15480.1871522671,687.754124427627,22.50831598451,9903.65921247112
118,15754.1313845623,693.812834409678,22.7066012665598,9990.90468639284
119,14619.0692065631,668.351513181678,21.8733240192265,9624.2621791379
120,14852.3578248481,673.663174248516,22.0471570847199,9700.7494132277
121,14983.9323847418,676.640527842003,22.144597859856,9743.62332963074
122,15773.1692287104,694.231921456667,22.7203168583987,9996.93954333572
123,16028.0912995048,699.8194203206,22.903181641004,10077.3997873292
124,15515.4795680266,688.53766377533,22.5339591199027,9914.94218556097
125,15015.8746526285,677.361363768189,22.1681888808871,9754.00337292612
126,15420.4591142556,686.426043576527,22.4648514702465,9884.53483720522
127,15398.1254166447,685.928782849264,22.4485774640958,9877.37427861578
128,15113.5616836692,679.561106150775,22.2401805325155,9785.679681439
129,14384.827695163,662.975391827925,21.6973780210783,9546.84598579828
130,14805.8780906429,672.60825077521,22.0126322767799,9685.55850647309
131,15135.9252290178,680.063693464637,22.2566288635506,9792.91694292651
132,13831.7737673447,650.105768727245,21.2761898643418,9361.52330499135
133,15757.4893266685,693.886772405761,22.7090210583436,9991.96939415707
134,14608.7991184125,668.116759852697,21.8656378589177,9620.88099990131
135,15639.0559794454,691.27422795057,22.6235195051474,9954.34873237652
136,14549.3909900216,666.756844659728,21.8211348058178,9601.29893882996
137,16410.6957284809,708.122816155541,23.1749286339564,10196.9685757903
138,15964.0635281851,698.420227352671,22.8573900110198,10057.2514393636
139,15161.3702476582,680.635080952003,22.2753288391366,9801.14492746447
140,16143.9435018915,702.34404240989,22.985805427349,10113.754299368
141,14282.4155366086,660.611165306582,21.6200032434819,9512.80110377339
142,13849.7662147365,650.52846166118,21.2900234670285,9367.61008670677
143,16161.5810037288,702.72759882843,22.998358155668,10119.2775058117
144,16738.2249892624,715.154356131169,23.405052134217,10298.2228336722
145,13276.7414921409,636.928717271838,20.8449409362625,9171.77377033497
146,16866.5223788113,717.889938263643,23.4945797117679,10337.6150920872
147,14003.7623220646,654.135087891436,21.4080586430623,9419.54553429205
148,15916.4017737907,697.376856612183,22.8232434484729,10042.2269262718
149,13870.3630658704,651.01200241315,21.305848455107,9374.57307749823
150,15706.153282467,692.755550284456,22.6719992008983,9975.67978624571
151,16278.769905441,705.270766023205,23.0815889296416,10155.8990798882
152,14139.7917877169,657.304470206471,21.5117840036525,9465.18466629014
153,16111.2261558179,701.631994764831,22.9625021037103,10103.500825123
154,14843.597019848,673.464461735203,22.0406537586304,9697.88795139215
155,15082.1049324678,678.853532811333,22.2170235603082,9775.4906195094
156,15517.1009795174,688.573639880437,22.5351365210724,9915.46024177508
157,15080.1735355494,678.810064847357,22.2156009707081,9774.86468045675
158,14409.2591660491,663.538157806769,21.7157958385949,9554.94982069961
159,14844.0296695438,673.474276468988,22.0409749684438,9698.02928363435
160,16272.4989766586,705.134910177914,23.0771427450002,10153.942757181
161,15748.9458587604,693.698639654998,22.7028639793686,9989.26028097707
162,15717.1015135767,692.996956375564,22.6798997729782,9979.15603595927
163,13515.9042534205,642.639824600725,21.0318497796459,9254.01368864733
164,15427.1854890777,686.575736030046,22.469750501644,9886.69040977801
165,14262.5104838233,660.150666258281,21.6049323477365,9506.16991356165
166,14719.9774325735,670.654246321029,21.948682966405,9657.4208261205
167,13703.709003521,647.089192317756,21.1774654347677,9318.08458033673
168,13749.4802859795,648.168950944139,21.2128030291356,9333.63311320763
169,14938.4344634474,675.612455788579,22.1109518266817,9728.81908354775
170,16423.4268276691,708.397436998292,23.183916216948,10200.9231141162
171,14383.4835972548,662.944417380413,21.6963643107371,9546.39995350113
172,13935.180556508,652.531348314635,21.3555725598471,9396.45167103173
173,15489.689072934,687.96516770096,22.5152228632408,9906.6982373599
174,16066.7644573428,700.663187622901,22.9307957677233,10089.550019784
175,15250.5167037969,682.633160206612,22.3407205990125,9829.91728527036
176,14803.3301819538,672.550374535841,22.0107381431023,9684.72508814056
177,15031.9667291977,677.724220605418,22.1800642092583,9759.22851439583
178,13423.5182499518,640.439722097903,20.959846472327,9222.33222301685
179,16138.806796964,702.232296938796,22.9821483109179,10112.1451663613
180,16109.4676670382,701.593703234054,22.9612489290886,10102.9494276847
181,14041.3914175759,655.013351334442,21.4368018437635,9432.19253523595
182,14967.280843526,676.264450569918,22.1322898622164,9738.20781379103
183,15198.0492925133,681.457894075023,22.3022572996126,9812.99344325493
184,15584.051652073,690.057513102442,22.5836997006357,9936.82802847744
185,15340.661283843,684.647681376046,22.4066504585402,9858.92640678637
186,16765.2713304875,715.731912971285,23.4239538948156,10306.5396302527
187,16590.0677452471,711.982258375574,23.3012375660852,10252.5445248429
188,14897.2029341232,674.67943411605,22.0804165368419,9715.38356374078
189,16411.4882417348,708.139914454872,23.1754882145972,10197.2147912865
190,15472.6020506746,687.585608345178,22.5028009063668,9901.23257948596
191,14932.3577060922,675.47502679277,22.1064541453037,9726.84010487477
192,15103.1163682066,679.326235876684,22.232493860208,9782.29754755788
193,15968.4578702454,698.516346089506,22.8605357049143,10058.6355469256
194,16528.0464110703,710.650152635294,23.2576414003143,10233.3622070433
195,15166.5937895273,680.752320273991,22.2791657668137,9802.83317467174
196,15025.4721615926,677.57779935762,22.1752722356571,9757.12004721942
197,14929.7269858633,675.415523027638,22.1045067471042,9725.98325016191
198,14266.0938486534,660.233590327405,21.6076462295397,9507.36402085606
199,16093.4015329458,701.24376230296,22.949796344845,10097.9102844472
200,13527.3270427742,642.911326656751,21.0407352956722,9257.9233169765
201,14882.2785625536,674.34139469823,22.0693534158814,9710.51579332117
202,14494.6013257717,665.500234655797,21.7800093387922,9583.20374405603
203,16234.4945275908,704.3110062521,23.050178661811,10142.0785506135
204,15534.0981693558,688.950662839054,22.5474754684788,9920.88937550652
205,14392.6356846763,663.15529665101,21.7032658222898,9549.43661679103
206,15585.1682231658,690.082233374945,22.5845087286834,9937.18400060995
207,14043.039034679,655.051779825442,21.4380595048856,9432.74590581801
208,14715.2428971698,670.546383054505,21.9451528917928,9655.86759418685
209,15136.856494053,680.084614201851,22.2573135429886,9793.21820171081
210,14514.614592444,665.959517104985,21.7950404185842,9589.81741524442
211,14858.4876297171,673.802175590268,22.0517062247546,9702.75103369593
212,16208.7460241203,703.752252559691,23.0318922108821,10134.0325048238
213,14346.7408685708,662.097127884662,21.6686348034876,9534.19897753685
214,14906.6107366596,674.892435352165,22.0873874943955,9718.4507833026
215,13371.0518913754,639.186904137938,20.9188451841152,9204.2916502985
216,14411.4714951946,663.589094070991,21.7174628455434,9555.68330333068
217,14856.6927215728,673.761476669516,22.0503742585747,9702.16496890696
218,15263.101484788,682.914757620434,22.3499365249789,9833.97229036247
219,15486.1689737372,687.886991767839,22.5126643752027,9905.57250327304
220,16621.389027254,712.654036375076,23.3232230210874,10262.2181265398
221,15230.9365227646,682.19480241004,22.3263743273287,9823.6049293646
222,15820.4657002005,695.271982696693,22.7543552651712,10011.9164337538
223,13658.8670469553,646.02960667691,21.142788048391,9302.82653871976
224,13589.5623900234,644.388556385946,21.089080889705,9279.19540171391
225,14998.674469861,676.973305436451,22.155488775427,9748.41532973639
226,14390.6423830167,663.109373387976,21.7017628773542,9548.77532141134
227,15032.886024494,677.744943734716,22.1807424215593,9759.52692763301
228,15461.5807413059,687.340677364911,22.4947849741436,9897.70557133895
229,15395.2066909551,685.86377066154,22.4464497900302,9876.43810256973
230,15635.2569300322,691.190260513999,22.6207714767351,9953.13960058251
231,14515.9308749195,665.989713239402,21.7960286568293,9590.25223982615
232,15219.6767607858,681.942593142895,22.3181201963676,9819.97311382972
233,13682.6075606425,646.590795537796,21.1611542494385,9310.9076627486
234,16132.6210978527,702.097707712556,22.9777435827457,10110.2070837345
235,14486.1548331518,665.306301799744,21.7736624378347,9580.4111092818
236,15223.8516179479,682.036117336475,22.321180991706,9821.31986299795
237,15691.4900934689,692.432098342528,22.6614134888166,9971.02207560586
238,15667.9487600456,691.912489189835,22.6444080788183,9963.53969950685
239,15139.3486890204,680.140597842359,22.2591457369956,9794.02436660403
240,15926.8687637935,697.606124823799,22.8307467452587,10045.5283826883
241,14841.7768168849,673.423168548444,22.03930234369,9697.2933291606
242,15818.109254275,695.220200691104,22.7526605794114,10011.1707724465
243,14773.6440094056,671.875679934086,21.9886572034501,9675.00948028444
244,13630.2980606712,645.353633251523,21.1206652575842,9293.09251607949
245,15293.0884594195,683.585279492315,22.371880902376,9843.62781086738
246,15687.644651414,692.347247603158,22.6586365522838,9969.80022424518
247,15858.3721101923,696.104432316267,22.7815991020544,10023.9037151291
248,14955.7976394321,676.004978986851,22.1237980552255,9734.47142085494
249,14361.7104864937,662.442458978589,21.6799365617926,9539.1717482402
250,15700.8691574023,692.639006383123,22.6681850324751,9974.001553103
251,16141.6927067058,702.295080100531,22.9842030281562,10113.0492429182
252,13990.4115892629,653.823198120846,21.397851329645,9415.05431899198
253,14001.6575269431,654.085927126564,21.4064497434659,9418.83761887377
254,14665.1615125763,669.404353234256,21.9077773272925,9639.42235529099
255,15577.1781889152,689.9053188819,22.5787187931243,9934.63643043703
256,14177.9174678183,658.190031198481,21.5407660337883,9477.93675206249
257,15220.1476247161,681.953141970307,22.3184654311319,9820.12501703524
258,14437.5520073512,664.189272576803,21.7371050744902,9564.32587894082
259,16508.3606703409,710.226816254963,23.2437867629241,10227.266164879
260,14868.1807943493,674.021922268999,22.0588979425146,9705.91538768999
261,15630.6016575478,691.087354731986,22.6174036473429,9951.65775648573
262,13388.1832746588,639.596245698859,20.9322418083148,9210.18616686104
263,15388.7575623147,685.72009982714,22.4417478300461,9874.36924136556
264,14781.2431961691,672.048455496146,21.9943116828633,9677.49744980217
265,14804.8561624261,672.585038076099,22.0118725875538,9685.22424340974
266,14644.0299157944,668.92189439387,21.8919877470355,9632.47494398367
267,15254.3021118514,682.717874817775,22.3434930803928,9831.13717637439
268,14992.7735065182,676.840120824734,22.1511300013502,9746.49747023512
269,14196.8041218159,658.628278330239,21.5551086840787,9484.24751447502
270,15317.8855558887,684.139257006681,22.3900110964384,9851.60509166455
271,15961.7361165617,698.369313833415,22.8557237558825,10056.5182858947
272,15625.5035408013,690.974642204047,22.6137148694193,9950.03469514138
273,16130.5692106976,702.05305679142,22.9762822833061,10109.5641112256
274,13908.365067021,651.903212791212,21.3350153736326,9387.4065142959
275,14879.3760498478,674.275632633984,22.0672012003803,9709.56881904834
276,14887.3526083993,674.456341662325,22.0731153208622,9712.17103055842
277,15388.8889678622,685.723027521439,22.4418436456563,9874.41140019874
278,16018.9749008865,699.620371370555,22.8966673304628,10074.5334865698
279,15754.1004402475,693.812153014873,22.7065789663529,9990.89487430473
280,14641.7922783424,668.870786161968,21.8903151120683,9631.7389850212
281,15043.6435676048,677.987397585923,22.1886772839288,9763.01826508298
282,14513.1815799233,665.92669218608,21.7939628343774,9589.34400730281
283,15564.3121840448,689.620345780723,22.5693923899887,9930.53281541872
284,14612.5618939156,668.202746735269,21.8684552934123,9622.11994104465
285,13492.9002018196,642.092705432741,21.0139440732721,9246.13517523561
286,16301.4458199597,705.761807617752,23.0976593576011,10162.9700735201
287,16696.4479567678,714.261342820685,23.3758247238076,10285.3631075466
288,14054.9259657951,655.328959998988,21.4471308666365,9436.73730265275
289,14080.3629118606,655.921706726811,21.466529873092,9445.27286051329
290,16610.0250097149,712.410374476013,23.3152486331096,10258.7093955114
291,15308.5570856945,683.930907728788,22.3831923849318,9848.60486033227
292,15577.6450991918,689.915658408048,22.5790571779986,9934.78531969763
293,14438.5307124422,664.211784496961,21.7378418291346,9564.65005078774
294,14936.6300291927,675.571650496973,22.1096163792616,9728.23148701577
295,14968.9131041924,676.301324638727,22.1334966513464,9738.73880069505
296,14510.7685338333,665.871278882193,21.7921526187354,9588.54678407357
297,15948.0327117038,698.069468372839,22.8459106639884,10052.2005183619
298,15702.6753250083,692.678844478022,22.6694888261548,9974.5752219958
299,14175.5635101111,658.135389360064,21.5389777533383,9477.14990912689
300,15187.0176601533,681.210528344603,22.2941616845808,9809.43137468892
301,14311.6128518933,661.286058645764,21.642090687957,9522.51957360005
302,15619.1781189383,690.83477004105,22.6091372297462,9948.02053483972
303,14241.7827297604,659.670792529271,21.5892273707547,9499.25972777679
304,13456.5017069566,641.226064507076,20.985581297761,9233.65554995837
305,15031.2666113169,677.708437837725,22.1795476817069,9759.00124240714
306,15173.2593070793,680.901894576339,22.2840609314506,9804.98704586879
307,14045.3642773171,655.10600919893,21.4398342865026,9433.52680926287
308,14540.8416113129,666.560919233657,21.8147226933593,9598.47761102138
309,14236.2380002455,659.542365834733,21.5850243103455,9497.41038228608
310,15842.3269642206,695.752191959096,22.7700712226459,10018.8314510876
311,15644.3816935351,691.391920903437,22.6273712789307,9956.04351186949
312,14890.0433115445,674.517288654724,22.0751099519504,9713.04866774309
313,15372.1687378686,685.350402963022,22.4296486460197,9869.04560345809
314,14066.8447015854,655.606764138313,21.456222649066,9440.73768459038
315,16159.4618385703,702.681525173022,22.996850293725,10118.6140458653
316,15097.1346919987,679.191697101193,22.2280907679433,9780.36018807611
317,15051.400693004,678.16217413709,22.1943972504155,9765.53504887846
318,15883.0466490812,696.645744925919,22.7993162446865,10031.6989372976
319,15580.9550343305,689.988951046937,22.5814558489511,9935.84073430719
320,14680.21249828,669.747772754498,21.9190165245405,9644.36759923129
321,15645.8830909823,691.425096664775,22.6284570323717,9956.52124310815
322,16374.4275598615,707.339895755326,23.1493058119905,10185.6945280763
323,16036.7242449742,700.007861295151,22.9093487826024,10080.1133334976
324,14088.0283143591,656.100225455911,21.4723723110591,9447.84353171556
325,15262.2178890764,682.894990048452,22.3492895854947,9833.68763715768
326,15445.8926668762,686.991884375547,22.4833699177043,9892.6829493989
327,13706.6215439809,647.157953713572,21.1797158102261,9319.07474498747
328,15510.0338047247,688.416818654329,22.530004184155,9913.20201482528
329,14961.426038602,676.132169316146,22.1279606526255,9736.30296265385
330,15083.4705116376,678.884264818786,22.2180293362136,9775.93316066225
331,15152.2797883925,680.431002778277,22.268649909431,9798.2062000784
332,14197.8388622835,658.652280089091,21.5558941971067,9484.59314000493
333,13995.438443402,653.940649163849,21.4016951864012,9416.74561498797
334,15355.3888771851,684.976245691086,22.4174034848359,9863.65773563971
335,16080.5181160439,700.963018790446,22.9406083987023,10093.8675830057
336,13550.6953940199,643.466401300993,21.0589012365251,9265.91636140268
337,15875.9445042546,696.489973754024,22.7942182981968,10029.4558366323
338,13563.887426504,643.779542438441,21.0691495028377,9270.42559618108
339,15087.3145619549,678.970766709497,22.2208603104853,9777.17878861515
340,15695.9592479174,692.530698406377,22.6646404037197,9972.44191734425
341,14900.2556081485,674.748556811631,22.0826787367375,9716.37893112599
342,14543.2274420483,666.615600918123,21.8165122778676,9599.26502774136
343,15341.2411669493,684.660621223561,22.4070739449465,9859.11274069787
344,16677.794470755,713.862209410125,23.3627642014222,10279.6160320658
345,14535.7375057682,666.443921397453,21.8108936687254,9596.79284118125
346,14714.2258814871,670.523210907534,21.9443945297163,9655.53391507184
347,14942.5310041917,675.705085393193,22.1139833445188,9730.15295062512
348,16567.9439498335,711.507365567406,23.2856956254009,10245.7060696735
349,14335.1383984256,661.829348891028,21.6598711169968,9530.3429577547
350,16732.8110029865,715.038689532033,23.4012665999059,10296.5572166099
351,15442.5612949518,686.917795179588,22.4809451776024,9891.61606436556
352,16972.1046298455,720.133380224812,23.5680015618039,10369.9206812155
353,14779.1573373451,672.001035708716,21.9927597607918,9676.81460447696
354,14347.6339842851,662.117736042618,21.6693092531229,9534.49573519388
355,14822.6739220553,672.989646793943,22.0251143426487,9691.0506122991
356,14724.2004967196,670.750442496911,21.951831208501,9658.80605184798
357,15704.9063261427,692.728049834717,22.6710991851562,9975.28377954432
358,13716.7392039681,647.396762115714,21.1875313666095,9322.51358788722
359,14868.2430742169,674.02333393864,22.0589441426822,9705.9357157483
360,15959.3304686939,698.316684951343,22.8540013615826,10055.7604311978
361,15248.545060453,682.589032133791,22.3392764058714,9829.281840655
362,15434.1530918583,686.730762497875,22.4748241009606,9888.92279219603
363,14041.3781334701,655.013041491459,21.436791703411,9432.18807348892
364,14975.6792251993,676.454155269398,22.1384983868349,9740.93956304335
365,13274.7376085575,636.880649014424,20.8433677944215,9171.08158767658
366,15625.8163477775,690.981558476855,22.6139412204022,9950.13428952184
367,14572.4400453195,667.284771402787,21.8384124287519,9608.90108842548
368,15280.1854493502,683.296843191907,22.3624411580352,9839.47432574948
369,14290.4132297506,660.796099816463,21.6260556527495,9515.46416228342
370,16067.6022143573,700.681454480369,22.9313935906484,10089.8130622013
371,13519.1874477951,642.717872799064,21.0344040829586,9255.13758240415
372,15011.4222740096,677.260933686194,22.1649020744567,9752.55717892107
373,15012.9311122711,677.294969465616,22.1660159739799,9753.04729442802
374,14827.7375002119,673.104587008637,22.0288760266934,9692.70575233473
375,15043.8043028131,677.991019583453,22.1887958221862,9763.07042188183
376,13438.316751511,640.792645261588,20.9713966770408,9227.4143148324
377,15380.6075888955,685.538495257133,22.4358044009279,9871.75413405549
378,16002.964637801,699.270663501314,22.8852223796615,10069.497700735
379,13693.1187897336,646.839109156695,21.1692808859158,9314.48338082967
380,14404.7206847957,663.433652399849,21.7123756575948,9553.44494194976
381,15527.0779145111,688.794968157261,22.5423800003226,9918.64737080325
382,15528.6547073137,688.82994121355,22.5435245743761,9919.15098310029
383,14633.1541962127,668.673453433475,21.8838569425405,9628.89739207994
384,16521.3193380061,710.50551715634,23.2529078790682,10231.2794569207
385,14905.296739077,674.862689286423,22.0864139856914,9718.02243971436
386,13586.1073819891,644.306636601986,21.0863998757501,9278.01575619933
387,13868.4044967371,650.966037634788,21.3043441515418,9373.91118430968
388,16657.284342101,713.42314020966,23.3483936856966,10273.2932203628
389,16272.2268909846,705.129015014601,23.0769498127199,10153.8578669035
390,14345.581175811,662.070367648619,21.6677590129281,9533.81362991423
391,14205.9979691856,658.841507463117,21.5620871002589,9487.3180157914
392,14171.9256819256,658.050936429122,21.5362138360121,9475.93378621234
393,15415.3680284888,686.312722039041,22.4611427611157,9882.90300612655
394,14651.4656081555,669.091699535924,21.8975450126158,9634.92013943413
395,14868.3706569152,674.02622578922,22.0590387851834,9705.97735842272
396,15155.4932273387,680.503150543841,22.271011111744,9799.24512849933
397,15626.8425764848,691.004248269046,22.6146837962716,9950.46102271688
398,15506.1606860576,688.330858656997,22.527190944645,9911.96419015228
399,15184.1892326387,681.147091164423,22.2920855562655,9808.51787876225
400,15957.2751164241,698.271716415313,22.8525296690281,10055.1128853764
401,14125.0758046201,656.962336662193,21.5005868926747,9460.25794035623
402,14132.096472073,657.125583168029,21.5059295118926,9462.60869142618
403,13746.9649396396,648.109659862881,21.2108625915991,9332.77932116455
404,15316.9004453138,684.117257781321,22.3892911209235,9851.28830262867
405,14422.6329389398,663.846013522292,21.7258711284789,9559.38294562586
406,13978.4659660515,653.544007293005,21.3887141647135,9411.03396874661
407,14528.9193981007,666.287602639804,21.80577777605,9594.54184973759
408,16226.971898396,704.147807790462,23.0448376304891,10139.7284947989
409,14876.9618529356,674.220929426137,22.0654109115214,9708.7810924029
410,14467.9833266543,664.888889280761,21.7600016482528,9574.40036543708
411,15197.4293373977,681.443995009657,22.3018024205824,9812.79329659767
412,14724.6858335764,670.761496986362,21.9521929921923,9658.96523658412
413,14329.8951161723,661.708301105237,21.655909548418,9528.59986860966
414,14323.251591188,661.554895138427,21.6508889835831,9526.39082138495
415,15343.109072683,684.702301091665,22.4084380149161,9859.71293114154
416,15183.9797968562,681.142393614335,22.2919318180824,9808.45023400134
417,15456.5260362211,687.228315426618,22.4911076701286,9896.08755849993
418,16729.0023563189,714.957309167988,23.3986031638543,10295.3853220575
419,15692.7145644478,692.459114449873,22.6622976533639,9971.41110777915
420,15426.0280213305,686.549979429891,22.4689075573787,9886.31951451853
421,15675.0763494799,692.069851986921,22.6495581399436,9965.80572509343
422,14601.0739313971,667.940085294786,21.8598557757663,9618.33688479104
423,14982.2017148105,676.601450165571,22.1433189526038,9743.06061076495
424,14168.1576236419,657.963448751733,21.5333505995224,9474.67396290739
425,14718.9232522169,670.630231245457,21.9478970175289,9657.07500882364
426,14794.4416388506,672.34843055045,22.0041290595986,9681.81709307493
427,14087.1308214263,656.079326350379,21.4716883395638,9447.54258442677
428,13762.4111464295,648.473668210385,21.2227756053844,9338.02104429934
429,13791.6059598841,649.161121436107,21.2452740998623,9347.92037630967
430,13947.5923574456,652.821882122355,21.3650809499542,9400.63536027088
431,14374.5863052377,662.739344694493,21.6896528330667,9543.44690507503
432,13928.2654737844,652.369424840466,21.3502732400288,9394.1199716577
433,14898.0421593602,674.698437673047,22.0810384721532,9715.65721511965
434,16086.6259891621,701.096129931021,22.9449647521872,10095.7843809845
435,14929.2174169232,675.403996577885,22.1041295173941,9725.81726918748
436,15413.4538085082,686.270108929087,22.4597481486709,9882.28937699701
437,15823.3623914261,695.335631103851,22.7564383063564,10012.8329713461
438,14080.8171215422,655.932286121005,21.4668761082216,9445.42520387999
439,15504.6382950764,688.297067772332,22.5260850598376,9911.47760112507
440,13684.9113926129,646.645228621819,21.1629356978003,9311.69149959317
441,16124.3650853863,701.918032141607,22.9718633045936,10107.6197584302
442,14395.8243937942,663.228754045804,21.7056698853559,9550.4944039081
443,15179.978077673,681.052630633778,22.2889941171606,9807.15764633854
444,14898.1109876024,674.699996208138,22.0810894787771,9715.67965802955
445,14904.3269306648,674.84073407933,22.0856954507917,9717.70628454534
446,15839.1762311368,695.683002717435,22.7678068448802,10017.8351254392
447,14246.3756155793,659.777153746204,21.5927082874703,9500.79133021615
448,14865.721756736,673.966181999617,22.057073713447,9705.11272735558
449,15383.4801487951,685.602509544978,22.4378994163904,9872.67594032973
450,15161.2482856748,680.632343344928,22.275239244679,9801.10550591286
451,14803.7225142532,672.559286764467,22.011029816376,9684.85342430688
452,15666.8856093985,691.889013900421,22.643639795751,9963.20165514825
453,15070.9761248121,678.60302997908,22.2088252763575,9771.88337664802
454,14132.4792618437,657.134482736559,21.5062207708088,9462.73684528116
455,15500.7895558355,688.211634022098,22.5232890430007,9910.24735441926
456,16408.5430139311,708.076369702212,23.1734085700838,10196.2997472744
457,14932.4099269102,675.476207912776,22.1064928001704,9726.85711300948
458,14729.231390953,670.865022038733,21.9555810887135,9660.45599819584
459,14967.2513752014,676.263784837775,22.1322680746416,9738.19822725313
460,16107.7012576528,701.555237121736,22.95999004118,10102.3955163361
461,14854.5731782428,673.713413593475,22.0488012833394,9701.4728602077
462,14133.8578876039,657.16653372806,21.5072697135436,9463.19837982163
463,14804.8291310762,672.584424059417,22.0118524923918,9685.215401554
464,15608.3143701347,690.594477102698,22.6012730881044,9944.5603145224
465,16042.4483176751,700.132779077179,22.9134369895094,10081.9121470478
466,15555.0044104339,689.414111604066,22.5626429001314,9927.56304157818
467,14819.0345130536,672.907022246109,22.02241026344,9689.86081812879
468,14813.5071768819,672.781517176088,22.0183028199996,9688.05354406775
469,13768.8837074192,648.626141119724,21.2277656334509,9340.21665542121
470,15073.1011523025,678.65087022497,22.2103909589121,9772.57227658045
471,14783.4310694069,672.098190877285,21.9959393881275,9678.21363970451
472,16388.1825068819,707.636925549696,23.1590267765514,10189.9717547991
473,14272.4020183855,660.379544887998,21.612422929917,9509.46576777532
474,15721.4769585356,693.093410459455,22.6830564557146,9980.54497556528
475,14461.6538499771,664.743435119414,21.755241324616,9572.3058242753
476,14462.5116603541,664.76314984354,21.7558865345621,9572.58971647714
477,14051.6236953798,655.251969221359,21.4446111654994,9435.62863480365
478,14872.4244717507,674.118105044755,22.0620457460689,9707.30042045739
479,15198.94471671,681.477968511768,22.3029142818834,9813.28251529909
480,15702.9630930118,692.685191478649,22.6696965464085,9974.66661885614
481,16505.8859334702,710.173579861982,23.2420444825307,10226.499561163
482,13320.2571035957,637.971656881868,20.8790734821973,9186.79209563286
483,13841.9677147243,650.345286807517,21.2840286468027,9364.97236731072
484,14532.1396383036,666.361488277763,21.8081925410522,9595.60507463138
485,15091.4721462658,679.064311590247,22.2239217827899,9778.52583566357
486,14957.5421324158,676.044403525988,22.1250883143223,9735.03913453802
487,14999.4810970696,676.99150895848,22.1560845277743,9748.67746061141
488,13939.7281761566,652.637813411325,21.3590568761162,9397.98476930711
489,14360.4504767698,662.413399007972,21.6789855070504,9538.75328440849
490,16637.5410403266,713.000216968378,23.3345525630668,10267.203126047
491,14391.4136070344,663.127141834881,21.7023443908708,9549.03118720271
492,14382.2891536781,662.916890471153,21.6954634289921,9546.00356577056
493,13318.6419788981,637.932977618235,20.877807616443,9186.23511446875
494,14430.9396706144,664.037157326602,21.7321267513298,9562.13541804408
495,15525.2509290664,688.754443641129,22.5410537418699,9918.0638174275
496,14525.7969167426,666.216001263102,21.8034344554958,9593.51078930341
497,15337.2717792394,684.572041113866,22.404174956202,9857.83718638428
498,15737.7552325874,693.452137534168,22.6947966279965,9985.71064840524
499,15623.4120893875,690.928397697575,22.6122014111019,9949.36877386497
500,15739.5348546718,693.491344115013,22.6960797538974,9986.27522348551
501,14553.49741427,666.850930789679,21.8242139919275,9602.65377990973
502,16223.7137194871,704.077112008844,23.0425239547957,10138.7104765187
503,14149.4608572199,657.529170578785,21.519137842607,9468.42035354078
504,14538.2602084296,666.501750110184,21.8127862470372,9597.6255751415
505,15849.7461981608,695.91508914711,22.7754024094889,10021.1771719467
506,14979.493386297,676.540292908716,22.1413174400805,9742.17994576048
507,16251.5177761013,704.680174820984,23.0622605215619,10147.3945734547
508,16459.015039769,709.164541424384,23.2090214306407,10211.9694129965
509,13799.4616253644,649.345975321717,21.2513238701872,9350.58227375756
510,14140.749797134,657.326736901884,21.5125127326819,9465.50530688359
511,14592.4882118859,667.743675563922,21.8534278135428,9615.50858303965
512,14500.1343217452,665.627293130134,21.7841643084644,9585.03265839913
513,14188.0498612229,658.425180173883,21.5484618274714,9481.32289929566
514,14918.2279779677,675.15536757372,22.0959925588368,9722.23700947489
515,15779.2517876369,694.365765740679,22.7246972217951,9998.86690212782
516,16226.9170133439,704.146616949468,23.0447986580448,10139.711346806
517,13299.5394176191,637.475328445472,20.8628300173608,9179.64496862678
518,14749.9850828097,671.337484455279,21.9710435129029,9667.25946091664
519,14348.7555781513,662.143615301621,21.6701562116779,9534.86839674081
520,14917.6290385072,675.141814321914,22.0955489973465,9722.041842534
521,15184.6923961515,681.158376762789,22.2924549035378,9808.6803914704
522,13745.2539665901,648.069326157941,21.209542577919,9332.19851547936
523,13241.4716361977,636.082149182365,20.8172350901822,9159.58319395312
524,13804.7789341173,649.471068557931,21.2554178352687,9352.38361737621
525,15301.1383333182,683.765166246673,22.377768111981,9846.21818161187
526,15165.2933761869,680.723135149596,22.2782106162062,9802.41290864244
527,15273.9309685986,683.156985536448,22.3578639931564,9837.46037435683
528,15404.7763545638,686.076903948167,22.4534250692801,9879.50722366842
529,15142.4277488818,680.209758211511,22.2614091698656,9795.02027649331
530,15527.6817569282,688.808361512365,22.5428183287951,9918.84023522394
531,14686.6961050082,669.895655462444,21.923856327848,9646.49711145615
532,15135.668496259,680.057925886456,22.2564401062301,9792.83388975311
533,15979.1411323765,698.749969071921,22.8681815236428,10061.9997125192
534,14669.0880165898,669.493961567509,21.9107099670392,9640.71271603468
535,16119.1606883369,701.804745220801,22.9681557414741,10105.9884287141
536,16303.6417306675,705.809341398647,23.0992150066474,10163.6545595327
537,14722.500790828,670.711726959393,21.9505641530543,9658.24854777958
538,14260.360473833,660.100907023366,21.6033038617356,9505.45338015006
539,14127.0106299288,657.007329805315,21.5020593972901,9460.90584200209
540,14176.1023037155,658.147896643328,21.5393870830798,9477.33001410952
541,14976.744626441,676.478217010962,22.1392858629154,9741.28605232031
542,16478.7159404373,709.588837997069,23.2229074895698,10218.0792812843
543,14940.9972384598,675.670405884168,22.1128483774693,9729.65356540927
544,16140.0654966877,702.25968072602,22.9830445057041,10112.5394924822
545,14124.5003367157,656.948953924437,21.5001489116312,9460.06522881481
546,15212.0810560144,681.772402999002,22.3125503307248,9817.52237435227
547,13911.3247159247,651.97257036622,21.3372852604989,9388.40526394655
548,16758.5593286691,715.5886248575,23.4192645697887,10304.4763043275
549,15183.5428204037,681.132592325012,22.2916110482622,9808.30909535776
550,14816.8745262769,672.857979835955,22.02080523722,9689.15460700729
551,13926.2057007397,652.321185456069,21.3486944947269,9393.42532412361
552,13841.7651265612,650.340527633822,21.2838728918258,9364.90383516519
553,15627.3055366067,691.01448401676,22.6150187847982,9950.60841757627
554,13626.8109727891,645.271076449748,21.11796339573,9291.90369749879
555,16089.483662851,701.158399595004,22.9470026632277,10096.6810629941
556,14301.5570045689,661.053696419943,21.6344860970019,9519.173555564
557,15287.0400066568,683.450086404806,22.3674563962266,9841.68102928446
558,15395.149757323,685.862502450886,22.4464082849105,9876.41984032668
559,14565.7622596254,667.131913775492,21.8334064955663,9606.69920820813
560,15932.4505404689,697.728356863804,22.8347470526827,10047.2885210096
561,13349.702676119,638.676413436006,20.9021382272428,9196.94058673265
562,15370.0758366148,685.303746609623,22.4281217090298,9868.37375157585
563,14587.6017304175,667.631814374329,21.8497702121764,9613.89851017397
564,15950.5443026412,698.124434364429,22.8477095450219,10052.9920273287
565,15440.9155733657,686.881191637326,22.4797472421089,9891.08897305271
566,16519.4719552753,710.46579235944,23.2516077943943,10230.7074197547
567,15739.4997912434,693.490571659364,22.6960544735055,9986.26410011864
568,15114.2914901967,679.57751333043,22.2407174953826,9785.91594496327
569,15404.3582638581,686.067593714612,22.4531203703318,9879.37315621821
570,14723.6437335222,670.737760909791,21.9514161742601,9658.62343688773
571,15244.6156169349,682.501077307589,22.3363978809728,9828.01529042867
572,13861.0879742774,650.794300741926,21.2987236650279,9371.43817164801
573,16165.5626031011,702.814156275491,23.0011909389664,10120.5239317561
574,13693.1153459001,646.839027816386,21.1692782238661,9314.48220952852
575,14910.7608262586,674.986375803276,22.0904619126776,9719.80352657266
576,15340.93527774,684.653795464502,22.4068505562465,9859.01444971864
577,15391.8307646615,685.788567022616,22.443988577246,9875.35516955696
578,13928.5573240649,652.376259614721,21.350496923801,9394.21839246222
579,14814.6012541398,672.806361424515,22.0191159054638,9688.41130145854
580,16277.4078139787,705.241259364203,23.0806232588453,10155.4741843682
581,15303.8928492376,683.826709254267,22.3797822491124,9847.10440143544
582,14675.3264940555,669.636307719994,21.9153685737601,9642.76250181117
583,15436.3164687275,686.778889676987,22.4763991741035,9889.61582397707
584,16254.1181917788,704.736550768693,23.0641055498677,10148.2063865055
585,13389.1019837517,639.618190166713,20.9329599901809,9210.50216704013
586,15413.9336329468,686.280790714776,22.4600977347666,9882.44319479503
587,14792.9895426806,672.315433767677,22.0030491636644,9681.34193913345
588,15049.4082824611,678.117287239501,22.1929282229696,9764.88867717771
589,14279.5276855869,660.544375414079,21.6178173898391,9511.83932874598
590,14666.3086444546,669.430533633772,21.9086341413853,9639.79935326793
591,13726.4178962783,647.625127097894,21.1950051379082,9325.80204544464
592,15611.9136394857,690.674097832311,22.6038788604986,9945.70685370233
593,14956.2951048284,676.016221652788,22.1241659974695,9734.63331534336
594,14449.0685513645,664.454124816214,21.7457729762173,9568.13975344455
595,14823.9307140429,673.018177056287,22.0260480614079,9691.46144831501
596,16313.5616808354,706.024033731887,23.1062412912568,10166.7461269461
597,13727.7683037708,647.656983035765,21.1960476970766,9326.26077121435
598,14123.4071808718,656.923531393491,21.4993169005723,9459.69914415905
599,13605.3420411086,644.762566637529,21.101321238392,9284.58115223645
600,15196.6449962752,681.426410090964,22.3012269134779,9812.54007362007
601,14361.3650742474,662.434492762148,21.6796758489506,9539.05703465659
602,13582.9755432297,644.232370306228,21.0839693397791,9276.94632095625
603,16181.1629383042,703.153195017131,23.0122867292241,10125.4060845526
604,14232.4316474781,659.454188840133,21.582138514444,9496.14063282665
605,14757.114572784,671.4997121688,21.976352789671,9669.59554134297
606,13495.3618451488,642.151274447668,21.0158608760163,9246.9785687468
607,14094.0595274005,656.240651586844,21.4769680807184,9449.86566918332
608,14666.4110812275,669.432871445969,21.9087106516717,9639.83301777876
609,15661.3667272986,691.767139392245,22.639651170852,9961.4466612116
610,14994.6334217819,676.8821018992,22.1525039289853,9747.10199805101
611,14874.5497932949,674.166270213599,22.063622062525,9707.99399929341
612,15043.6241853439,677.986960825376,22.1886629899635,9763.01197573468
613,13768.759014447,648.62320408907,21.2276695123541,9340.17436215922
614,16315.4409738728,706.064698938526,23.1075721508254,10167.331705539
615,14371.3360087426,662.664413147941,21.6872005250329,9542.3678901724
616,15470.2937946791,687.53431827017,22.5011223201225,9900.49400197217
617,16165.4157774513,702.810964571058,23.001086483216,10120.4779712191
618,15475.1401913896,687.642002105723,22.5046465224652,9902.04465010355
619,15035.9847898987,677.814792701686,22.183028390347,9760.53275332849
620,14638.6203729359,668.798332310897,21.8879438923765,9630.69564896129
621,13911.9970724251,651.988325604278,21.3378008870499,9388.63213950178
622,14137.5670782357,657.252759113372,21.5100916385762,9464.44002610304
623,13120.054391403,633.159164804841,20.7215738485709,9117.49223328045
624,15425.1704921594,686.530896601965,22.4682830277668,9886.04472164284
625,14683.47263675,669.822136389267,21.9214502463333,9645.43843619605
626,14379.4389430636,662.851200464937,21.6933135716999,9545.05762912152
627,16163.4401828537,702.76801753056,22.9996809468507,10119.8595345272
628,16395.7887741673,707.801124790932,23.1644005638027,10192.3362225313
629,14395.50882557,663.221484752358,21.7054319809094,9550.38972601704
630,15486.6552774125,687.897792345795,22.5130178490639,9905.72803168378
631,15564.1794666664,689.617405568922,22.5692961647716,9930.490476346
632,14543.1147029511,666.613067735681,21.8164260600988,9599.22782091864
633,14570.1996409251,667.233474420916,21.8367336164757,9608.16241145526
634,14469.2939527163,664.919004068003,21.7609872242973,9574.83401863502
635,13778.7257697571,648.857920079454,21.2353511352221,9343.55427432093
636,14582.5111626695,667.515364720933,21.8459558137153,9612.22090500808
637,14835.1035532159,673.271756997462,22.0343470508475,9695.11300156817
638,13737.5042702058,647.886606873121,21.2035626674038,9329.56735631531
639,16119.3181182894,701.808172352341,22.9682679018402,10106.0377793417
640,14985.9943939429,676.68708405026,22.146121519337,9744.29373941601
641,14601.1974703764,667.942910991129,21.8599482532278,9618.37757484624
642,13344.3963330553,638.549467757803,20.8979836439497,9195.11256952511
643,15037.7950589652,677.855594468229,22.1843637224271,9761.12029910521
644,13521.2597363149,642.767130430221,21.0360161498376,9255.84689206187
645,14557.1537721598,666.934693858722,21.8269553319165,9603.85996880444
646,13528.4655612824,642.938381198242,21.0416207165444,9258.31290226711
647,15150.9944593273,680.402142574335,22.2677053925826,9797.79061290339
648,14091.6029275042,656.183457629248,21.475096276301,9449.0420757168
649,14300.8282634327,661.036854096509,21.6339348930534,9518.9310259666
650,15686.8762202895,692.330290711056,22.6580815988541,9969.55604486751
651,15339.9136743125,684.630998423023,22.406104470359,9858.68617212476
652,14973.0654197717,676.395119695221,22.1365663112982,9740.08945029118
653,15727.4689902265,693.225479463169,22.6873787189786,9982.44677031012
654,15240.4288553932,682.407350320402,22.3333304487965,9826.66562104212
655,16579.3849035674,711.752988051742,23.2937341772875,10249.2430329758
656,14913.855045131,675.056407305549,22.0927538554279,9720.81198079409
657,15819.4534093579,695.249738460926,22.753627271227,10011.5961165886
658,14203.8010851138,658.790562306735,21.5604198022807,9486.58440511025
659,14385.888710905,662.999841684277,21.6981781991972,9547.19806395018
660,13626.1252495963,645.254840711129,21.1174320437163,9291.66990273772
661,14133.205849494,657.151375009386,21.5067736094932,9462.98009415608
662,15949.3083176621,698.097385458086,22.8468243111902,10052.6025237601
663,14655.083240846,669.174298000058,21.9002482382321,9636.10955801147
664,16077.4373249327,700.895868380123,22.9384107543537,10092.9006182947
665,14901.9966778222,674.787977250627,22.0839688616552,9716.94658576867
666,15986.3684392137,698.907972479921,22.8733525280725,10064.2749580314
667,14360.3389531282,662.410826843602,21.6789013270743,9538.71624523029
668,14810.1153420134,672.704489736254,22.0157819190712,9686.94434829668
669,14467.9992791372,664.889255835435,21.7600136446153,9574.4056438305
670,13827.2937187686,650.000477107651,21.2727439528919,9360.00710481131
671,14038.2139902094,654.939235675764,21.4343762375525,9431.12526912705
672,14183.4942772741,658.319466197259,21.5450020932909,9479.80061714425
673,13993.7839477142,653.901994663244,21.400430128556,9416.18898985768
674,15498.1805367287,688.153713366252,22.5213934557092,9909.41329649302
675,14852.0744195501,673.656746968941,22.0469467371562,9700.65686035073
676,13919.1548192768,652.156028511236,21.3432893521692,9391.04706275811
677,15785.2226985386,694.497128165712,22.7289963606188,10000.7585221293
678,14570.2525763204,667.234686491029,21.8367732842923,9608.17986527971
679,14165.8616747096,657.910135156042,21.5316057889118,9473.9062466841
680,15143.2675955359,680.22862122542,22.2620265055233,9795.29190403816
681,14795.0638480382,672.362568857263,22.0045917683723,9682.0206848142
682,15338.5246036946,684.60000014642,22.405089980155,9858.23979668831
683,15218.3883646141,681.913728196197,22.3171755243437,9819.55745836823
684,15728.3712987585,693.245364860197,22.6880295145289,9982.73312018978
685,14841.2347853138,673.410871512553,22.0388998947682,9697.11625173939
686,15753.7931610171,693.805386682163,22.7063575224648,9990.79743905382
687,15029.2331495087,677.662595393138,22.1780473818091,9758.3411108286
688,15751.0231383167,693.744387404021,22.7043611801411,9989.91904894001
689,15555.3208624122,689.421124306944,22.5628724069771,9927.66402454495
690,15216.4819630925,681.871015352277,22.3157776478168,9818.94239305609
691,16093.5113435968,701.246154713799,22.9498746416158,10097.9447350948
692,13928.3185996568,652.370668988042,21.3503139576499,9394.13788739689
693,15204.8418799286,681.61016172402,22.3072406101905,9815.18609865485
694,15362.4588516315,685.133916864277,22.4225636382774,9865.92820184382
695,14464.0032206893,664.797428406639,21.7570083797648,9573.08332807606
696,14750.4780443177,671.348702790823,21.9714106588713,9667.4210050456
697,15002.8914093851,677.068465616786,22.1586031121948,9749.78563712371
698,14575.4152819584,667.352887232418,21.8406416767059,9609.88195694871
699,14738.667936927,671.079888345966,21.9626130850887,9663.55007481047
700,15353.3878647493,684.931613482568,22.415942792718,9863.01503147246
701,15153.5100313162,680.458624955802,22.2695539090279,9798.6039596679
702,15239.543576191,682.387530358644,22.3326817947296,9826.38021342276
703,15312.1310710205,684.010739384878,22.3858050602984,9849.75443683677
704,15912.8128619289,697.298227985924,22.8206701570022,10041.0946760391
705,16234.894653944,704.319685666381,23.0504627150718,10142.2035341137
706,15685.5984070154,692.302092416088,22.6571587444921,9969.1499891841
707,15276.132073917,683.206208143553,22.3594749166963,9838.16918030678
708,14835.8315630035,673.288276670726,22.0348876953029,9695.35088499586
709,13346.0671345743,638.589441703645,20.8992918814463,9195.68819418444
710,14450.8782092209,664.495732907175,21.7471346971608,9568.73891030703
711,16572.9173307986,711.614148034508,23.2891903239604,10247.2437371198
712,14391.1403587762,663.120846445793,21.7021383597123,9548.94053354642
713,15145.1158621372,680.270131577088,22.2633850276887,9795.88965344656
714,13619.4269183246,645.096224096333,21.1122409488647,9289.38582224383
715,15181.0969526289,681.077729425891,22.2898155331341,9807.51906915592
716,14104.8010167525,656.490673785801,21.4851506349876,9453.46599095505
717,15780.3778681629,694.390541864326,22.7255080776232,9999.22367850025
718,15404.1143717829,686.062162556089,22.4529426231453,9879.29494749581
719,14746.8452537875,671.266026897361,21.9687048992312,9666.23047149187
720,14993.2010437872,676.849771211841,22.1514458325711,9746.63643589089
721,15181.6403048892,681.089917662141,22.2902144213212,9807.69457985809
722,15152.1913846318,680.429017838646,22.2685849477174,9798.17761693608
723,15853.4270366276,695.995891729929,22.7780468606262,10022.3407297933
724,14517.5613368025,666.027165510873,21.797251056069,9590.79082401346
725,14840.1990732659,673.387373754521,22.0381308763234,9696.7778838237
726,13894.221569787,651.57166658113,21.3241647579484,9382.63224613279
727,16563.7790161747,711.417928750291,23.2827686044846,10244.4181799887
728,15365.6449531584,685.204959910278,22.42488868611,9866.95122229819
729,14782.1467117816,672.068994925777,21.9949838831861,9677.79321776654
730,15651.1982437312,691.542530617461,22.6323003297521,9958.21229299119
731,14584.504963879,667.560996320742,21.8474492132725,9612.87800042929
732,14676.5704425195,669.664687834804,21.916297378577,9643.17117569754
733,14878.7199535723,674.260766608882,22.0667146753964,9709.35474817116
734,14263.15628674,660.165611809454,21.6054214754476,9506.38512962655
735,14751.1725095347,671.364506433298,21.9719278695594,9667.6485776228
736,14286.5527451546,660.706838434443,21.6231343677429,9514.17879763144
737,15139.3262576442,680.140093974261,22.2591292467124,9794.0171108914
738,14494.050461411,665.48763904875,21.779593806023,9583.02163847606
739,14845.9137846805,673.517016279894,22.0423737275125,9698.64473726799
740,15039.0335219081,677.883506846594,22.1852772194847,9761.52223758211
741,15477.1868413983,687.687472296353,22.5061346394988,9902.69942122347
742,16372.6618321074,707.301756891851,23.148057632509,10185.1453287733
743,15408.9061721626,686.168861821216,22.4564346030868,9880.83141779185
744,14923.1228368263,675.266121920649,22.0996172507229,9723.83187298771
745,14606.5130573123,668.064482641848,21.8639269663777,9620.1282076244
746,13945.3218642867,652.768744379885,21.3633418945853,9399.87017634394
747,15690.9254224421,692.419639371331,22.6610057402306,9970.8426663243
748,14445.5969968657,664.37429870137,21.7431604821289,9566.99025671822
749,14171.6272982436,658.044008910421,21.5359871168932,9475.83402987153
750,15237.8041243173,682.348585181836,22.3314072238556,9825.81940255745
751,14892.7118231531,674.577727547527,22.0770879544105,9713.9189883125
752,14780.2344975526,672.025524220539,21.9935612039375,9677.16723925413
753,13880.1606519705,651.24188884987,21.3133720198553,9377.88344408723
754,15888.7179908868,696.77010932649,22.8033863367719,10033.4897812406
755,15934.7752165868,697.779257258912,22.8364128781692,10048.0214854614
756,15412.5466696679,686.24991387605,22.4590872188463,9881.99856805374
757,16235.0147716189,704.322291207062,23.0505479867682,10142.2410537798
758,15068.6235179353,678.550062358467,22.2070917885713,9771.12064246666
759,14573.9344317629,667.319035771438,21.8395304952077,9609.39376650005
760,14766.3742528613,671.710352725076,21.9832464885427,9672.62876709994
761,15506.4374807929,688.33700219614,22.5273920061243,9912.05265715956
762,14650.0640071931,669.059695179925,21.8964975961575,9634.45927645012
763,14308.0360519485,661.203418259294,21.6393860903143,9521.32955133607
764,14515.4700451961,665.979141745839,21.795682680308,9590.10001023779
765,13220.1299524879,635.569345786703,20.8004524449242,9152.1988275476
766,14610.7620314126,668.161644111128,21.8671067999566,9621.52733359056
767,14637.0024577457,668.761372263404,21.8867342894031,9630.16342396519
768,14714.7690017024,670.535585704487,21.9447995235668,9655.71211225701
769,16504.2315689942,710.137989062776,23.2408796926582,10225.9870536368
770,15582.8076628186,690.029970818467,22.5827983157534,9936.4314193587
771,15213.483621664,681.803832227244,22.3135789248444,9817.97495550193
772,16626.7206307351,712.768325414013,23.326963387546,10263.863888241
773,13064.8954128223,631.826807139082,20.6779694454249,9098.30628939487
774,14550.2525558611,666.776636527086,21.8217792267681,9601.58321288401
775,15406.4772957309,686.114779978217,22.4546646498711,9880.0526388148
776,15035.7770635001,677.810110586322,22.1828751573119,9760.46533083013
777,13715.0673125833,647.357306329146,21.1862400848689,9321.94542424102
778,14518.3668204376,666.045591353571,21.7978573973182,9591.05688515571
779,14259.0318901347,660.070156775355,21.6022974887918,9505.01057631675
780,15436.8775957685,686.791372139271,22.4768076915185,9889.79557153681
781,14534.400442669,666.41332006165,21.8098888559497,9596.35145275281
782,14022.2032845394,654.565647372694,21.422149697012,9425.74559442604
783,15235.1777310642,682.289777762588,22.3294826151793,9824.97257523007
784,15102.3971970917,679.310061819796,22.231964526823,9782.0646410036
785,14914.2031501164,675.064285516435,22.0930116880747,9720.92542709476
786,15903.1154886683,697.085726145404,22.8137155764269,10038.0346550608
787,13786.387974337,649.03830644302,21.2412546955691,9346.15183941496
788,13454.3029851166,641.173675857465,20.9838667614102,9232.90115368398
789,15622.2026382927,690.901653866412,22.6113261574465,9948.9836624764
790,14603.3915600657,667.993043584001,21.8615922730479,9619.10021387534
791,15664.7138405714,691.841056884552,22.6420702915662,9962.51107371333
792,15733.0336717305,693.348106809905,22.6913919821865,9984.21260511234
793,15048.7547388026,678.102562946699,22.1924463364482,9764.67664723483
794,13906.6386026823,651.862750740737,21.3336911594958,9386.82386042238
795,14913.0873142177,675.039031918454,22.0921852056982,9720.56177506648
796,16515.9996350939,710.391120030776,23.2491639737534,10229.6321384473
797,15970.3955648379,698.558725652983,22.8619226678607,10059.2458116308
798,14388.7128361162,663.064915927398,21.7003079042289,9548.13513360761
799,15565.2076738476,689.640184072339,22.5700416439406,9930.81848698778
800,15160.202649574,680.608872138633,22.2744710951785,9800.76752033743
801,15865.7087917247,696.265435696494,22.7868683095748,10026.2221651212
802,14029.967185691,654.746834194777,21.428079454474,9428.35468618667
803,13240.9592639863,636.069842616965,20.8168323300934,9159.4059794627
804,14980.9719514837,676.573681342282,22.1424101537062,9742.6607394798
805,16661.2864466071,713.508839138012,23.3511983772136,10274.5272847807
806,15501.1925408697,688.220579921901,22.5235818182432,9910.37617545119
807,15068.4832862429,678.5469049898,22.2069884564125,9771.07517633731
808,15005.6428302979,677.130547443241,22.160634883417,9750.67961594308
809,13821.5854917213,649.866295706119,21.2683525565876,9358.07489153332
810,14164.2651037581,657.873059076982,21.5303923885119,9473.37235082688
811,14144.2961109508,657.409156133183,21.5152100925186,9466.69214451301
812,15593.5294092525,690.267317322363,22.5905660284508,9939.8492109802
813,14708.315083917,670.388520754837,21.9399864832946,9653.59437575965
814,15461.9339329626,687.348527838435,22.4950418990305,9897.81861822345
815,14805.3182974399,672.595535391503,22.0122161364364,9685.37540483483
816,14709.6638200792,670.419256972936,21.9409923970502,9654.03697755617
817,15138.2708901363,680.11638717811,22.2583533870532,9793.67573283409
818,14275.3528717903,660.447808850473,21.6146570258699,9510.44876941479
819,13812.9379944242,649.662969059019,21.2616982224352,9355.14698616069
820,15523.686783883,688.719747311709,22.5399182243239,9917.56418999557
821,14237.8892383345,659.580614326925,21.5862760806936,9497.96116090645
822,14561.6717050479,667.038180117417,21.830342158952,9605.35017181484
823,15269.4171346829,683.056033031526,22.3545600891839,9836.00665744745
824,15760.2040607727,693.94654194918,22.7109771546737,9992.83007606231
825,14643.6879687063,668.914084484726,21.8917321497074,9632.36248122564
826,14353.4550343613,662.252037890309,21.6737045915118,9536.42968294283
827,14749.4072532926,671.32433453744,21.9706131514737,9667.07010199378
828,16607.6952595622,712.360410777504,23.3136134578784,10257.9899183313
829,16827.6533777869,717.062291051507,23.467491719737,10325.696673913
830,15605.9655953051,690.54251405969,22.5995724775261,9943.81204628552
831,14007.0493140868,654.211853313871,21.4105709689223,9420.65095702278
832,15015.1641049931,677.34533729813,22.167664377653,9753.7725916302
833,15544.5020391669,689.1813343892,22.5550247279165,9924.21104774387
834,15266.6753908218,682.994706274623,22.3525530294275,9835.12355165134
835,15566.6900280283,689.673022248719,22.5711163491247,9931.29135699822
836,15209.1210317591,681.706068885252,22.310379393614,9816.5671625689
837,14234.6021527718,659.504471654661,21.5837841357739,9496.86470578382
838,14505.9940671241,665.761724379327,21.7885671944384,9586.96919830759
839,13801.3989531738,649.391555041006,21.2528155718045,9351.23862209223
840,14994.5847537922,676.881003422548,22.1524679788239,9747.08617998359
841,14370.4288397395,662.643497982148,21.6865160278485,9542.06671159814
842,16204.8004035673,703.666591680537,23.0290887689667,10132.7989892725
843,14697.2709552519,670.13678413921,21.9317478209027,9649.96936640091
844,14863.9890033361,673.926902019252,22.0557881853357,9704.54709531247
845,14973.5649296347,676.406402055401,22.1369355525531,9740.25191636056
846,15115.4774288888,679.604174221575,22.241590034673,9786.29986202341
847,16256.0864279306,704.779218336074,23.0655019401818,10148.8207988597
848,14983.8976130936,676.6397427377,22.1445721654901,9743.61202411926
849,14380.9731597099,662.886561011443,21.6944708273572,9545.56682130097
850,15236.1824279589,682.312274470867,22.3302188719594,9825.29652802132
851,14931.4730989114,675.455018614803,22.1057993314378,9726.55198694291
852,14518.6280524142,666.051583471735,21.7980535032095,9591.14317170257
853,15430.4257771406,686.647835540944,22.4721101246675,9887.72864332164
854,14600.9769346156,667.937816043712,21.8597848241311,9618.30493682357
855,15273.7363921907,683.152634116577,22.3577215828817,9837.39771387332
856,14623.7070414254,668.457571143587,21.876791695855,9625.78868532193
857,14430.168882479,664.019423259177,21.7315463629845,9561.88004732267
858,14534.6838931776,666.41981823641,21.8101015237536,9596.44502652795
859,15246.8847420822,682.551869726201,22.3380601802444,9828.74670168241
860,16036.1305650391,699.99490400366,22.9089247269081,10079.9267487461
861,14457.2542872525,664.642312477744,21.7519318524227,9570.84965737274
862,15026.0233770373,677.590227843148,22.1756789864974,9757.29901750011
863,14458.4821847892,664.670536885477,21.7528555614018,9571.25608908383
864,13494.6316646488,642.133902078045,21.0152923260679,9246.72840669686
865,14100.53109436,656.391297167471,21.4818983054896,9452.03496681351
866,16401.3799712284,707.921799690158,23.1683499200151,10194.0739401725
867,14825.6071400658,673.056231490921,22.027293480702,9692.00943248908
868,16036.8501507256,700.010609206301,22.9094387139487,10080.1529033541
869,15450.8780028238,687.102742551685,22.4869980076692,9894.27930805935
870,15480.8085136218,687.767927210037,22.5087677124177,9903.85797264417
871,15817.5167187901,695.207179340511,22.7522344257074,10010.9832649073
872,14836.324326873,673.299458018382,22.0352536307373,9695.51189649455
873,15386.2248725238,685.663669451678,22.4399010156511,9873.55664349533
874,14965.5750645653,676.225913514746,22.1310286480747,9737.65287988261
875,15678.3338184125,692.141758418914,22.6519114440185,9966.84117830026
876,14615.5052626749,668.270091092444,21.870655978008,9623.08897102735
877,15984.8426042968,698.874617648856,22.8722609186649,10063.794649178
878,16030.0003937487,699.861096628695,22.9045455890703,10077.9999253221
879,15929.6075805513,697.666103232869,22.8327096683301,10046.3920703093
880,16769.1179078527,715.814017311021,23.4266408624498,10307.7219143783
881,13859.3755537812,650.754099449059,21.2974079848514,9370.85927270053
882,16113.0306581185,701.671286086883,22.9637879981929,10104.066619428
883,15050.8322798886,678.149368695568,22.1939781627153,9765.35065040545
884,15852.9869385517,695.986231093257,22.7777306939675,10022.2016165443
885,14331.9549384869,661.755857342808,21.6574659362064,9529.28467883362
886,14971.9780067557,676.370557799061,22.1357624664727,9739.73575877724
887,14071.2229126682,655.708782748736,21.4595614438494,9442.20675343777
888,15184.1814920246,681.146917546677,22.2920798742132,9808.51537866297
889,13928.1287098098,652.366221972467,21.3501684187407,9394.07385032472
890,14015.7902115548,654.415947109928,21.4172504100064,9423.58990939289
891,13238.083080841,636.000755726189,20.8145713061704,9158.41112858605
892,15075.5480030267,678.705951424824,22.2121936184268,9773.36544631262
893,13457.1983630982,641.242662742909,20.9861245125755,9233.89456451556
894,15143.5427503052,680.234801105848,22.2622287564331,9795.38089437739
895,15312.8254589479,684.026248758465,22.3863126404012,9849.97777194922
896,14628.207966705,668.56043303286,21.880158088844,9627.26989738228
897,15886.6181084464,696.724064501858,22.8018794209512,10032.8267370226
898,15682.0856407458,692.224568112264,22.6546215825765,9968.03363857513
899,15902.4874519933,697.07196153038,22.8132650997471,10037.8364449631
900,15891.246991847,696.825559535285,22.8052010641586,10034.288262769
901,16490.681206478,709.846409084435,23.2313370828315,10221.7883036309
902,14862.8691796428,673.901515393253,22.0549573493237,9704.18152768263
903,14847.7336537679,673.558296140223,22.0437247063123,9699.23916759832
904,16430.7316448874,708.554960191841,23.189071515975,10203.1914468958
905,15794.4511006956,694.700107836222,22.7356393392401,10003.6814310536
906,15359.6178410509,685.070562372712,22.4204902161516,9865.01589663688
907,15686.5260489394,692.32256337785,22.6578287040143,9969.44477120366
908,14601.9986117123,667.961184495491,21.8605496107399,9618.64144273031
909,15215.2568822524,681.843566056364,22.3148793061935,9818.5471229684
910,13301.2820168602,637.517090345121,20.8641967694694,9180.24633976814
911,16044.9036110438,700.186354688793,22.9151903683915,10082.6836348054
912,13530.1586908638,642.978612821567,21.0429373871236,9258.89223748246
913,15362.7859560021,685.141210910333,22.4228023528025,9866.03323617094
914,14479.1690989819,665.145865477399,21.768411788277,9578.10082485821
915,15107.8451637848,679.432576233476,22.2359740940552,9783.82884957318
916,14542.5389324966,666.599821188145,21.8159958497679,9599.03779950357
917,15008.4575832635,677.194052377,22.1627132290704,9751.59408750989
918,16335.032936106,706.488501520593,23.1214420347221,10173.4344585871
919,14837.4285806308,673.324514061338,22.0360736476604,9695.87270372692
920,16609.6305634128,712.401915436849,23.3149717926119,10258.5875855199
921,14948.5103226668,675.840264947215,22.1184074077539,9732.0995373258
922,16014.8808674994,699.530963137925,22.8937412515103,10073.2460099253
923,15223.5207579913,682.028705955658,22.3209384371295,9821.21313904923
924,13288.3138046388,637.206237752842,20.8540234186989,9175.77006393423
925,15047.7494614296,678.079913493255,22.19170508076,9764.35049491864
926,13952.1845952529,652.9293438576,21.3685978835342,9402.18281015225
927,14367.4442567875,662.57468249611,21.6842638820143,9541.07576801514
928,16340.6137973598,706.609177125594,23.1253914134424,10175.1721862616
929,14069.2294045948,655.662333114068,21.4580412722095,9441.53787830738
930,13977.3793266264,653.518604645915,21.3878828043458,9410.66817040667
931,14465.1599777939,664.82401141179,21.7578783700613,9573.46612357837
932,15517.6939431553,688.586796170841,22.5355670911025,9915.6496924726
933,14611.1556365429,668.170643980896,21.8674013415061,9621.6569317938
934,15132.5762231838,679.988453204229,22.2541664522042,9791.83348255536
935,13591.5473200936,644.435615254419,21.090620999784,9279.87304978429
936,15026.0015625318,677.58973598643,22.1756628893693,9757.29193476353
937,14424.3747612916,663.886098653794,21.7271830070563,9559.9601718597
938,15162.0164478173,680.649585628684,22.2758035381934,9801.35379492907
939,15405.6178375491,686.095642091464,22.4540383183127,9879.77705308733
940,14440.8065807138,664.264130479182,21.739554972352,9565.40383336754
941,15213.6026435486,681.806499248959,22.3136662092647,9818.01336063074
942,14275.8594508536,660.459527155525,21.6150405344853,9510.61751310653
943,14342.3427286356,661.995633843322,21.6653131764161,9532.73746248345
944,16277.7590733692,705.248868734122,23.080872292056,10155.583759138
945,15110.1555726312,679.484526265693,22.2376742788735,9784.57693046516
946,15261.644956462,682.882172243659,22.3488700932385,9833.50306066681
947,13859.533208676,650.757800706296,21.2975291170288,9370.91257083166
948,14182.7359836804,658.301868071885,21.5444261539474,9479.547203986
949,15677.5087220891,692.123545679517,22.6513153900828,9966.57891471074
950,15118.614702084,679.674697699712,22.2438980783769,9787.31540068083
951,15995.8439898306,699.115072898774,22.8801303389244,10067.2571994346
952,14627.5887713022,668.546283190608,21.8796950025549,9627.06613953446
953,16275.6460040906,705.203091872496,23.0793741429502,10154.924572931
954,16513.3387699102,710.333892737754,23.2472910820358,10228.8080657597
955,15348.2232333853,684.81640390328,22.4121722930472,9861.35601257399
956,15412.3351925132,686.24520580925,22.4589331364993,9881.93077185646
957,14818.0652092621,672.885014685739,22.0216900151694,9689.54390907459
958,16490.6043211185,709.844754302764,23.2312829265269,10221.7644748158
959,14928.7415992135,675.39323340328,22.1037772676343,9725.66227938316
960,15381.5747669222,685.56004924835,22.4365098050661,9872.06451170267
961,13985.4166786296,653.70647252758,21.3940312148883,9413.37346947401
962,15076.2049581013,678.720739417974,22.2126775896514,9773.57839353272
963,15083.1530339839,678.877120190395,22.2177955117323,9775.83027795195
964,15721.3529890607,693.090677810707,22.6829670234786,9980.50562540239
965,15633.7105103526,691.156078279393,22.6196527841759,9952.64737613033
966,15025.2063985258,677.571807006024,22.1750761220681,9757.03375729835
967,14247.2816339022,659.798133129832,21.593394886279,9501.09343351617
968,16614.2597802128,712.501184168695,23.3182205859733,10260.0170549287
969,15390.1392607265,685.750883226619,22.4427552879149,9874.81252257293
970,14795.1705280954,672.364992892084,22.0046711005225,9682.05559093795
971,14876.5720145249,674.212095674472,22.0651218065771,9708.65388630317
972,15435.1716116594,686.753421237848,22.4755656605803,9889.24907824017
973,15636.9192057645,691.227001757353,22.621973918857,9953.66867480147
974,16395.7911679441,707.801176466748,23.1644022545848,10192.3369665692
975,15805.9676892379,694.953333247305,22.7439267258154,10007.32787906
976,16206.8977867594,703.71212794711,23.0305790437897,10133.4547108529
977,15910.1611602374,697.240126777002,22.8187686698158,10040.2580201539
978,15566.9455477227,689.678682546453,22.5713015954705,9931.37286533797
979,16260.9720839533,704.885118759119,23.0689677668032,10150.3457637624
980,15502.7227893076,688.254548980705,22.5246935341974,9910.8653301845
981,14491.8919846122,665.438033895934,21.7779736751244,9582.30805257808
982,15324.8757953531,684.295340851332,22.3951193008087,9853.85270030751
983,14167.1454380875,657.939945603144,21.5325814046755,9474.33551737125
984,15115.6565511476,679.608200948965,22.2417218186022,9786.35784692504
985,14685.2641410006,669.862997019324,21.9227875048261,9646.02682960088
986,16328.5305642885,706.347873972359,23.1168396847577,10171.4094232477
987,14601.8222127238,667.957200486633,21.8604159100101,9618.58334370598
988,16546.3052705728,711.042579036325,23.2704844384959,10239.0131455306
989,14188.5966112602,658.43786656528,21.5488770189882,9481.50558344743
990,14887.4204522345,674.457878457325,22.0731656160445,9712.19316042253
991,14788.1059754862,672.204449892913,21.9994169598878,9679.74377040429
992,15503.5944403291,688.273897485128,22.5253267586893,9911.14394880457
993,15030.3166398459,677.687022028958,22.1788467998781,9758.69285458167
994,16588.6396371808,711.951613237881,23.3002346349598,10252.1032350039
995,16170.4576763002,702.920557457132,23.0046731522521,10122.0561071868
996,15613.280389007,690.7043297854,22.6048682709981,9946.14219407445
997,16483.0215076896,709.681532858491,23.2259411362987,10219.4140865669
998,13721.2765423235,647.50382887778,21.1910353736511,9324.05535012325
999,13961.8705139372,653.155943490264,21.3760138801298,9405.44584675846
1000,15622.4173774072,690.906402332584,22.6114815619946,9949.05204043341
